areaCode,areaName,areaType,date,newCasesBySpecimenDate,newDeaths28DaysByDeathDate,newVirusTestsBySpecimenDate
E08000032,Bradford,utla,2022-11-16,10,,149
E08000032,Bradford,utla,2022-11-15,19,,268
E08000032,Bradford,utla,2022-11-14,22,0,174
E08000032,Bradford,utla,2022-11-13,21,1,153
E08000032,Bradford,utla,2022-11-12,18,1,155
E08000032,Bradford,utla,2022-11-11,16,0,173
E08000032,Bradford,utla,2022-11-10,26,1,263
E08000032,Bradford,utla,2022-11-09,34,0,420
E08000032,Bradford,utla,2022-11-08,20,0,485
E08000032,Bradford,utla,2022-11-07,33,1,630
E08000032,Bradford,utla,2022-11-06,21,0,406
E08000032,Bradford,utla,2022-11-05,18,2,417
E08000032,Bradford,utla,2022-11-04,24,0,577
E08000032,Bradford,utla,2022-11-03,33,2,610
E08000032,Bradford,utla,2022-11-02,23,1,548
E08000032,Bradford,utla,2022-11-01,24,0,622
E08000032,Bradford,utla,2022-10-31,27,1,581
E08000032,Bradford,utla,2022-10-30,25,2,497
E08000032,Bradford,utla,2022-10-29,28,2,361
E08000032,Bradford,utla,2022-10-28,19,3,502
E08000032,Bradford,utla,2022-10-27,20,2,473
E08000032,Bradford,utla,2022-10-26,37,1,764
E08000032,Bradford,utla,2022-10-25,33,3,556
E08000032,Bradford,utla,2022-10-24,48,0,585
E08000032,Bradford,utla,2022-10-23,29,3,464
E08000032,Bradford,utla,2022-10-22,26,1,398
E08000032,Bradford,utla,2022-10-21,35,3,667
E08000032,Bradford,utla,2022-10-20,53,1,683
E08000032,Bradford,utla,2022-10-19,43,0,666
E08000032,Bradford,utla,2022-10-18,59,0,694
E08000032,Bradford,utla,2022-10-17,64,0,648
E08000032,Bradford,utla,2022-10-16,52,3,513
E08000032,Bradford,utla,2022-10-15,45,2,547
E08000032,Bradford,utla,2022-10-14,64,1,635
E08000032,Bradford,utla,2022-10-13,53,2,741
E08000032,Bradford,utla,2022-10-12,40,0,769
E08000032,Bradford,utla,2022-10-11,67,1,868
E08000032,Bradford,utla,2022-10-10,52,0,742
E08000032,Bradford,utla,2022-10-09,55,4,601
E08000032,Bradford,utla,2022-10-08,54,1,726
E08000032,Bradford,utla,2022-10-07,76,0,818
E08000032,Bradford,utla,2022-10-06,46,0,848
E08000032,Bradford,utla,2022-10-05,59,2,1038
E08000032,Bradford,utla,2022-10-04,81,0,829
E08000032,Bradford,utla,2022-10-03,87,2,784
E08000032,Bradford,utla,2022-10-02,57,1,619
E08000032,Bradford,utla,2022-10-01,46,1,611
E08000032,Bradford,utla,2022-09-30,63,1,811
E08000032,Bradford,utla,2022-09-29,33,0,731
E08000032,Bradford,utla,2022-09-28,60,1,822
E08000032,Bradford,utla,2022-09-27,45,0,813
E08000032,Bradford,utla,2022-09-26,64,2,835
E08000032,Bradford,utla,2022-09-25,46,2,609
E08000032,Bradford,utla,2022-09-24,30,1,561
E08000032,Bradford,utla,2022-09-23,48,0,710
E08000032,Bradford,utla,2022-09-22,44,2,766
E08000032,Bradford,utla,2022-09-21,61,0,833
E08000032,Bradford,utla,2022-09-20,75,2,767
E08000032,Bradford,utla,2022-09-19,55,1,707
E08000032,Bradford,utla,2022-09-18,29,0,474
E08000032,Bradford,utla,2022-09-17,28,0,565
E08000032,Bradford,utla,2022-09-16,28,0,674
E08000032,Bradford,utla,2022-09-15,37,1,756
E08000032,Bradford,utla,2022-09-14,28,1,689
E08000032,Bradford,utla,2022-09-13,29,4,658
E08000032,Bradford,utla,2022-09-12,34,0,665
E08000032,Bradford,utla,2022-09-11,22,1,473
E08000032,Bradford,utla,2022-09-10,21,1,501
E08000032,Bradford,utla,2022-09-09,17,0,595
E08000032,Bradford,utla,2022-09-08,20,1,632
E08000032,Bradford,utla,2022-09-07,23,3,684
E08000032,Bradford,utla,2022-09-06,23,3,747
E08000032,Bradford,utla,2022-09-05,48,1,833
E08000032,Bradford,utla,2022-09-04,19,2,528
E08000032,Bradford,utla,2022-09-03,18,2,537
E08000032,Bradford,utla,2022-09-02,30,2,771
E08000032,Bradford,utla,2022-09-01,22,0,927
E08000032,Bradford,utla,2022-08-31,31,1,1073
E08000032,Bradford,utla,2022-08-30,45,1,1290
E08000032,Bradford,utla,2022-08-29,31,1,1151
E08000032,Bradford,utla,2022-08-28,21,0,748
E08000032,Bradford,utla,2022-08-27,20,2,778
E08000032,Bradford,utla,2022-08-26,22,0,1149
E08000032,Bradford,utla,2022-08-25,27,0,1381
E08000032,Bradford,utla,2022-08-24,31,0,1404
E08000032,Bradford,utla,2022-08-23,35,0,1284
E08000032,Bradford,utla,2022-08-22,50,0,1818
E08000032,Bradford,utla,2022-08-21,29,2,943
E08000032,Bradford,utla,2022-08-20,20,1,1003
E08000032,Bradford,utla,2022-08-19,45,1,1452
E08000032,Bradford,utla,2022-08-18,24,1,1472
E08000032,Bradford,utla,2022-08-17,26,0,1438
E08000032,Bradford,utla,2022-08-16,42,3,1461
E08000032,Bradford,utla,2022-08-15,60,2,1836
E08000032,Bradford,utla,2022-08-14,45,2,985
E08000032,Bradford,utla,2022-08-13,30,1,1060
E08000032,Bradford,utla,2022-08-12,46,2,1457
E08000032,Bradford,utla,2022-08-11,58,0,1526
E08000032,Bradford,utla,2022-08-10,56,1,1543
E08000032,Bradford,utla,2022-08-09,61,0,1500
E08000032,Bradford,utla,2022-08-08,80,1,1983
E08000032,Bradford,utla,2022-08-07,54,1,1086
E08000032,Bradford,utla,2022-08-06,39,2,1117
E08000032,Bradford,utla,2022-08-05,68,1,1580
E08000032,Bradford,utla,2022-08-04,63,2,1506
E08000032,Bradford,utla,2022-08-03,58,1,1563
E08000032,Bradford,utla,2022-08-02,72,3,1715
E08000032,Bradford,utla,2022-08-01,67,1,2030
E08000032,Bradford,utla,2022-07-31,64,2,1235
E08000032,Bradford,utla,2022-07-30,73,1,1140
E08000032,Bradford,utla,2022-07-29,62,3,1851
E08000032,Bradford,utla,2022-07-28,75,0,1751
E08000032,Bradford,utla,2022-07-27,79,1,1864
E08000032,Bradford,utla,2022-07-26,85,1,1822
E08000032,Bradford,utla,2022-07-25,93,1,2167
E08000032,Bradford,utla,2022-07-24,83,2,1330
E08000032,Bradford,utla,2022-07-23,63,2,1437
E08000032,Bradford,utla,2022-07-22,85,1,2029
E08000032,Bradford,utla,2022-07-21,107,2,1992
E08000032,Bradford,utla,2022-07-20,133,2,1867
E08000032,Bradford,utla,2022-07-19,106,6,1826
E08000032,Bradford,utla,2022-07-18,128,3,2301
E08000032,Bradford,utla,2022-07-17,130,1,1564
E08000032,Bradford,utla,2022-07-16,93,0,1293
E08000032,Bradford,utla,2022-07-15,132,1,2270
E08000032,Bradford,utla,2022-07-14,151,1,2065
E08000032,Bradford,utla,2022-07-13,165,2,2123
E08000032,Bradford,utla,2022-07-12,177,3,2398
E08000032,Bradford,utla,2022-07-11,222,0,2564
E08000032,Bradford,utla,2022-07-10,137,0,1444
E08000032,Bradford,utla,2022-07-09,126,1,1590
E08000032,Bradford,utla,2022-07-08,148,3,1952
E08000032,Bradford,utla,2022-07-07,179,0,2401
E08000032,Bradford,utla,2022-07-06,186,0,2068
E08000032,Bradford,utla,2022-07-05,208,1,2430
E08000032,Bradford,utla,2022-07-04,265,0,2490
E08000032,Bradford,utla,2022-07-03,185,0,1513
E08000032,Bradford,utla,2022-07-02,123,2,1539
E08000032,Bradford,utla,2022-07-01,150,0,2213
E08000032,Bradford,utla,2022-06-30,137,1,2123
E08000032,Bradford,utla,2022-06-29,143,0,2208
E08000032,Bradford,utla,2022-06-28,147,1,2207
E08000032,Bradford,utla,2022-06-27,133,1,2682
E08000032,Bradford,utla,2022-06-26,127,1,1412
E08000032,Bradford,utla,2022-06-25,93,0,1271
E08000032,Bradford,utla,2022-06-24,102,1,1913
E08000032,Bradford,utla,2022-06-23,101,0,2063
E08000032,Bradford,utla,2022-06-22,111,0,1669
E08000032,Bradford,utla,2022-06-21,113,0,1992
E08000032,Bradford,utla,2022-06-20,100,2,2419
E08000032,Bradford,utla,2022-06-19,102,1,1441
E08000032,Bradford,utla,2022-06-18,63,1,1283
E08000032,Bradford,utla,2022-06-17,93,1,2091
E08000032,Bradford,utla,2022-06-16,76,0,1613
E08000032,Bradford,utla,2022-06-15,63,0,1727
E08000032,Bradford,utla,2022-06-14,82,0,1727
E08000032,Bradford,utla,2022-06-13,51,1,2259
E08000032,Bradford,utla,2022-06-12,55,0,1305
E08000032,Bradford,utla,2022-06-11,55,0,1476
E08000032,Bradford,utla,2022-06-10,47,0,1804
E08000032,Bradford,utla,2022-06-09,65,0,1686
E08000032,Bradford,utla,2022-06-08,42,0,1617
E08000032,Bradford,utla,2022-06-07,53,1,1823
E08000032,Bradford,utla,2022-06-06,33,0,2655
E08000032,Bradford,utla,2022-06-05,41,1,1190
E08000032,Bradford,utla,2022-06-04,31,0,1220
E08000032,Bradford,utla,2022-06-03,27,0,1458
E08000032,Bradford,utla,2022-06-02,28,0,1254
E08000032,Bradford,utla,2022-06-01,25,0,1487
E08000032,Bradford,utla,2022-05-31,38,0,1560
E08000032,Bradford,utla,2022-05-30,34,0,2307
E08000032,Bradford,utla,2022-05-29,23,0,1231
E08000032,Bradford,utla,2022-05-28,20,1,1436
E08000032,Bradford,utla,2022-05-27,21,1,1949
E08000032,Bradford,utla,2022-05-26,34,0,2060
E08000032,Bradford,utla,2022-05-25,41,1,2003
E08000032,Bradford,utla,2022-05-24,34,2,1910
E08000032,Bradford,utla,2022-05-23,37,1,2442
E08000032,Bradford,utla,2022-05-22,26,0,1319
E08000032,Bradford,utla,2022-05-21,29,0,1436
E08000032,Bradford,utla,2022-05-20,39,1,2002
E08000032,Bradford,utla,2022-05-19,27,0,1948
E08000032,Bradford,utla,2022-05-18,45,1,1821
E08000032,Bradford,utla,2022-05-17,35,2,1927
E08000032,Bradford,utla,2022-05-16,57,1,2843
E08000032,Bradford,utla,2022-05-15,58,2,1533
E08000032,Bradford,utla,2022-05-14,32,0,1336
E08000032,Bradford,utla,2022-05-13,38,1,2110
E08000032,Bradford,utla,2022-05-12,40,1,1996
E08000032,Bradford,utla,2022-05-11,63,1,2100
E08000032,Bradford,utla,2022-05-10,57,0,2219
E08000032,Bradford,utla,2022-05-09,52,1,2793
E08000032,Bradford,utla,2022-05-08,38,2,1616
E08000032,Bradford,utla,2022-05-07,41,0,1688
E08000032,Bradford,utla,2022-05-06,54,1,2262
E08000032,Bradford,utla,2022-05-05,55,1,2104
E08000032,Bradford,utla,2022-05-04,65,1,2169
E08000032,Bradford,utla,2022-05-03,71,1,2682
E08000032,Bradford,utla,2022-05-02,51,1,2126
E08000032,Bradford,utla,2022-05-01,43,1,1407
E08000032,Bradford,utla,2022-04-30,47,2,1640
E08000032,Bradford,utla,2022-04-29,41,0,2156
E08000032,Bradford,utla,2022-04-28,52,2,2526
E08000032,Bradford,utla,2022-04-27,52,3,2453
E08000032,Bradford,utla,2022-04-26,82,0,2523
E08000032,Bradford,utla,2022-04-25,97,2,3412
E08000032,Bradford,utla,2022-04-24,81,4,1936
E08000032,Bradford,utla,2022-04-23,60,2,2046
E08000032,Bradford,utla,2022-04-22,69,2,2696
E08000032,Bradford,utla,2022-04-21,98,1,2663
E08000032,Bradford,utla,2022-04-20,99,1,2641
E08000032,Bradford,utla,2022-04-19,134,2,3172
E08000032,Bradford,utla,2022-04-18,143,4,2562
E08000032,Bradford,utla,2022-04-17,111,3,2014
E08000032,Bradford,utla,2022-04-16,118,1,2297
E08000032,Bradford,utla,2022-04-15,97,2,2464
E08000032,Bradford,utla,2022-04-14,140,1,2944
E08000032,Bradford,utla,2022-04-13,193,2,3191
E08000032,Bradford,utla,2022-04-12,165,0,3325
E08000032,Bradford,utla,2022-04-11,169,2,3933
E08000032,Bradford,utla,2022-04-10,153,3,2769
E08000032,Bradford,utla,2022-04-09,133,1,2876
E08000032,Bradford,utla,2022-04-08,159,3,4140
E08000032,Bradford,utla,2022-04-07,213,2,4134
E08000032,Bradford,utla,2022-04-06,273,2,4331
E08000032,Bradford,utla,2022-04-05,285,1,4565
E08000032,Bradford,utla,2022-04-04,299,3,4997
E08000032,Bradford,utla,2022-04-03,234,2,3599
E08000032,Bradford,utla,2022-04-02,197,0,3269
E08000032,Bradford,utla,2022-04-01,246,1,4582
E08000032,Bradford,utla,2022-03-31,300,2,4421
E08000032,Bradford,utla,2022-03-30,404,1,5392
E08000032,Bradford,utla,2022-03-29,400,0,5177
E08000032,Bradford,utla,2022-03-28,535,0,5584
E08000032,Bradford,utla,2022-03-27,329,1,4355
E08000032,Bradford,utla,2022-03-26,306,0,3998
E08000032,Bradford,utla,2022-03-25,359,1,4623
E08000032,Bradford,utla,2022-03-24,408,2,5303
E08000032,Bradford,utla,2022-03-23,449,0,5822
E08000032,Bradford,utla,2022-03-22,438,1,5513
E08000032,Bradford,utla,2022-03-21,449,1,5783
E08000032,Bradford,utla,2022-03-20,339,1,4226
E08000032,Bradford,utla,2022-03-19,271,3,4017
E08000032,Bradford,utla,2022-03-18,285,4,4877
E08000032,Bradford,utla,2022-03-17,314,2,5568
E08000032,Bradford,utla,2022-03-16,375,0,5571
E08000032,Bradford,utla,2022-03-15,372,0,5485
E08000032,Bradford,utla,2022-03-14,395,1,5525
E08000032,Bradford,utla,2022-03-13,285,1,4167
E08000032,Bradford,utla,2022-03-12,200,2,3981
E08000032,Bradford,utla,2022-03-11,263,0,4681
E08000032,Bradford,utla,2022-03-10,262,0,5247
E08000032,Bradford,utla,2022-03-09,270,3,5372
E08000032,Bradford,utla,2022-03-08,240,0,5282
E08000032,Bradford,utla,2022-03-07,258,0,5144
E08000032,Bradford,utla,2022-03-06,179,1,3796
E08000032,Bradford,utla,2022-03-05,115,1,3432
E08000032,Bradford,utla,2022-03-04,167,1,4688
E08000032,Bradford,utla,2022-03-03,146,1,4917
E08000032,Bradford,utla,2022-03-02,182,1,5241
E08000032,Bradford,utla,2022-03-01,168,1,4895
E08000032,Bradford,utla,2022-02-28,160,0,5497
E08000032,Bradford,utla,2022-02-27,105,0,4050
E08000032,Bradford,utla,2022-02-26,92,1,3579
E08000032,Bradford,utla,2022-02-25,101,2,4868
E08000032,Bradford,utla,2022-02-24,112,0,4491
E08000032,Bradford,utla,2022-02-23,129,1,5129
E08000032,Bradford,utla,2022-02-22,147,1,5191
E08000032,Bradford,utla,2022-02-21,166,1,5818
E08000032,Bradford,utla,2022-02-20,126,1,4709
E08000032,Bradford,utla,2022-02-19,118,4,4543
E08000032,Bradford,utla,2022-02-18,172,1,5893
E08000032,Bradford,utla,2022-02-17,175,3,6326
E08000032,Bradford,utla,2022-02-16,200,1,7268
E08000032,Bradford,utla,2022-02-15,244,2,6430
E08000032,Bradford,utla,2022-02-14,237,1,6817
E08000032,Bradford,utla,2022-02-13,207,1,5771
E08000032,Bradford,utla,2022-02-12,147,0,4823
E08000032,Bradford,utla,2022-02-11,201,3,6583
E08000032,Bradford,utla,2022-02-10,250,2,7354
E08000032,Bradford,utla,2022-02-09,320,2,8461
E08000032,Bradford,utla,2022-02-08,358,3,7683
E08000032,Bradford,utla,2022-02-07,405,1,7875
E08000032,Bradford,utla,2022-02-06,282,2,6750
E08000032,Bradford,utla,2022-02-05,307,5,6028
E08000032,Bradford,utla,2022-02-04,364,1,7476
E08000032,Bradford,utla,2022-02-03,433,3,8332
E08000032,Bradford,utla,2022-02-02,536,4,9540
E08000032,Bradford,utla,2022-02-01,538,2,8244
E08000032,Bradford,utla,2022-01-31,670,5,8785
E08000032,Bradford,utla,2022-01-30,573,1,8113
E08000032,Bradford,utla,2022-01-29,478,0,7408
E08000032,Bradford,utla,2022-01-28,591,5,7848
E08000032,Bradford,utla,2022-01-27,771,8,9130
E08000032,Bradford,utla,2022-01-26,862,5,10748
E08000032,Bradford,utla,2022-01-25,950,2,10411
E08000032,Bradford,utla,2022-01-24,1132,4,10545
E08000032,Bradford,utla,2022-01-23,952,4,9145
E08000032,Bradford,utla,2022-01-22,764,3,7969
E08000032,Bradford,utla,2022-01-21,856,5,10590
E08000032,Bradford,utla,2022-01-20,1049,4,10996
E08000032,Bradford,utla,2022-01-19,1120,0,11618
E08000032,Bradford,utla,2022-01-18,1336,1,10230
E08000032,Bradford,utla,2022-01-17,1495,2,11303
E08000032,Bradford,utla,2022-01-16,1056,3,9845
E08000032,Bradford,utla,2022-01-15,918,2,9055
E08000032,Bradford,utla,2022-01-14,1074,3,10922
E08000032,Bradford,utla,2022-01-13,1135,5,10638
E08000032,Bradford,utla,2022-01-12,1294,5,12500
E08000032,Bradford,utla,2022-01-11,1479,3,12226
E08000032,Bradford,utla,2022-01-10,1666,5,15244
E08000032,Bradford,utla,2022-01-09,1150,1,12823
E08000032,Bradford,utla,2022-01-08,1008,0,10722
E08000032,Bradford,utla,2022-01-07,1243,7,13342
E08000032,Bradford,utla,2022-01-06,1762,2,13965
E08000032,Bradford,utla,2022-01-05,2241,1,17091
E08000032,Bradford,utla,2022-01-04,2308,1,18974
E08000032,Bradford,utla,2022-01-03,2056,0,12079
E08000032,Bradford,utla,2022-01-02,1433,0,11223
E08000032,Bradford,utla,2022-01-01,925,2,9701
E08000032,Bradford,utla,2021-12-31,1269,3,12367
E08000032,Bradford,utla,2021-12-30,1455,1,10620
E08000032,Bradford,utla,2021-12-29,1689,0,9877
E08000032,Bradford,utla,2021-12-28,1312,0,9569
E08000032,Bradford,utla,2021-12-27,978,1,8868
E08000032,Bradford,utla,2021-12-26,562,1,9375
E08000032,Bradford,utla,2021-12-25,356,1,7639
E08000032,Bradford,utla,2021-12-24,664,2,12858
E08000032,Bradford,utla,2021-12-23,746,0,10484
E08000032,Bradford,utla,2021-12-22,676,0,9515
E08000032,Bradford,utla,2021-12-21,635,0,8800
E08000032,Bradford,utla,2021-12-20,502,0,10753
E08000032,Bradford,utla,2021-12-19,308,2,8701
E08000032,Bradford,utla,2021-12-18,325,0,9086
E08000032,Bradford,utla,2021-12-17,307,2,9374
E08000032,Bradford,utla,2021-12-16,345,1,9737
E08000032,Bradford,utla,2021-12-15,394,0,9070
E08000032,Bradford,utla,2021-12-14,364,1,7360
E08000032,Bradford,utla,2021-12-13,301,3,8130
E08000032,Bradford,utla,2021-12-12,169,0,7900
E08000032,Bradford,utla,2021-12-11,201,0,6978
E08000032,Bradford,utla,2021-12-10,190,1,7871
E08000032,Bradford,utla,2021-12-09,247,1,8188
E08000032,Bradford,utla,2021-12-08,275,1,7779
E08000032,Bradford,utla,2021-12-07,252,0,7091
E08000032,Bradford,utla,2021-12-06,263,1,7619
E08000032,Bradford,utla,2021-12-05,197,0,8333
E08000032,Bradford,utla,2021-12-04,176,2,5662
E08000032,Bradford,utla,2021-12-03,218,3,7324
E08000032,Bradford,utla,2021-12-02,265,0,7573
E08000032,Bradford,utla,2021-12-01,301,0,6909
E08000032,Bradford,utla,2021-11-30,302,1,5972
E08000032,Bradford,utla,2021-11-29,243,1,6388
E08000032,Bradford,utla,2021-11-28,161,0,6422
E08000032,Bradford,utla,2021-11-27,135,0,5328
E08000032,Bradford,utla,2021-11-26,191,0,5970
E08000032,Bradford,utla,2021-11-25,213,1,6151
E08000032,Bradford,utla,2021-11-24,227,0,6873
E08000032,Bradford,utla,2021-11-23,242,2,6046
E08000032,Bradford,utla,2021-11-22,252,2,6873
E08000032,Bradford,utla,2021-11-21,156,1,6230
E08000032,Bradford,utla,2021-11-20,156,1,4927
E08000032,Bradford,utla,2021-11-19,228,2,5967
E08000032,Bradford,utla,2021-11-18,226,1,6391
E08000032,Bradford,utla,2021-11-17,230,0,7210
E08000032,Bradford,utla,2021-11-16,199,0,6172
E08000032,Bradford,utla,2021-11-15,248,0,6805
E08000032,Bradford,utla,2021-11-14,172,2,5930
E08000032,Bradford,utla,2021-11-13,152,1,5801
E08000032,Bradford,utla,2021-11-12,192,1,5231
E08000032,Bradford,utla,2021-11-11,203,0,6748
E08000032,Bradford,utla,2021-11-10,230,1,7474
E08000032,Bradford,utla,2021-11-09,228,3,6063
E08000032,Bradford,utla,2021-11-08,196,0,6734
E08000032,Bradford,utla,2021-11-07,184,1,5986
E08000032,Bradford,utla,2021-11-06,171,5,5167
E08000032,Bradford,utla,2021-11-05,187,3,5672
E08000032,Bradford,utla,2021-11-04,225,3,7552
E08000032,Bradford,utla,2021-11-03,231,2,6279
E08000032,Bradford,utla,2021-11-02,226,0,6769
E08000032,Bradford,utla,2021-11-01,303,0,6978
E08000032,Bradford,utla,2021-10-31,246,0,6253
E08000032,Bradford,utla,2021-10-30,240,3,5484
E08000032,Bradford,utla,2021-10-29,282,3,6823
E08000032,Bradford,utla,2021-10-28,295,1,6675
E08000032,Bradford,utla,2021-10-27,279,0,6619
E08000032,Bradford,utla,2021-10-26,308,1,5971
E08000032,Bradford,utla,2021-10-25,314,3,6759
E08000032,Bradford,utla,2021-10-24,243,1,6453
E08000032,Bradford,utla,2021-10-23,232,2,5799
E08000032,Bradford,utla,2021-10-22,281,0,6816
E08000032,Bradford,utla,2021-10-21,315,2,7544
E08000032,Bradford,utla,2021-10-20,372,7,8246
E08000032,Bradford,utla,2021-10-19,370,2,6970
E08000032,Bradford,utla,2021-10-18,362,3,7958
E08000032,Bradford,utla,2021-10-17,316,1,7908
E08000032,Bradford,utla,2021-10-16,267,2,6603
E08000032,Bradford,utla,2021-10-15,310,2,6658
E08000032,Bradford,utla,2021-10-14,356,1,9208
E08000032,Bradford,utla,2021-10-13,388,0,8364
E08000032,Bradford,utla,2021-10-12,449,3,7063
E08000032,Bradford,utla,2021-10-11,468,1,8443
E08000032,Bradford,utla,2021-10-10,320,0,8108
E08000032,Bradford,utla,2021-10-09,301,0,6572
E08000032,Bradford,utla,2021-10-08,368,2,7094
E08000032,Bradford,utla,2021-10-07,377,2,7640
E08000032,Bradford,utla,2021-10-06,385,0,8784
E08000032,Bradford,utla,2021-10-05,380,1,6473
E08000032,Bradford,utla,2021-10-04,417,0,7112
E08000032,Bradford,utla,2021-10-03,296,0,7864
E08000032,Bradford,utla,2021-10-02,264,2,5649
E08000032,Bradford,utla,2021-10-01,273,1,6995
E08000032,Bradford,utla,2021-09-30,306,1,7834
E08000032,Bradford,utla,2021-09-29,330,1,7885
E08000032,Bradford,utla,2021-09-28,330,0,6369
E08000032,Bradford,utla,2021-09-27,358,1,8108
E08000032,Bradford,utla,2021-09-26,274,0,7821
E08000032,Bradford,utla,2021-09-25,257,1,7079
E08000032,Bradford,utla,2021-09-24,313,1,7346
E08000032,Bradford,utla,2021-09-23,331,0,8167
E08000032,Bradford,utla,2021-09-22,329,0,7654
E08000032,Bradford,utla,2021-09-21,343,0,6269
E08000032,Bradford,utla,2021-09-20,400,1,8046
E08000032,Bradford,utla,2021-09-19,258,3,9465
E08000032,Bradford,utla,2021-09-18,247,3,5963
E08000032,Bradford,utla,2021-09-17,261,1,6626
E08000032,Bradford,utla,2021-09-16,266,1,7026
E08000032,Bradford,utla,2021-09-15,211,0,8008
E08000032,Bradford,utla,2021-09-14,235,0,7097
E08000032,Bradford,utla,2021-09-13,275,1,10339
E08000032,Bradford,utla,2021-09-12,177,2,8280
E08000032,Bradford,utla,2021-09-11,172,0,5095
E08000032,Bradford,utla,2021-09-10,191,3,11758
E08000032,Bradford,utla,2021-09-09,230,3,9502
E08000032,Bradford,utla,2021-09-08,237,3,11042
E08000032,Bradford,utla,2021-09-07,270,1,10343
E08000032,Bradford,utla,2021-09-06,295,1,10325
E08000032,Bradford,utla,2021-09-05,231,3,6831
E08000032,Bradford,utla,2021-09-04,213,1,5246
E08000032,Bradford,utla,2021-09-03,251,4,7831
E08000032,Bradford,utla,2021-09-02,273,0,7112
E08000032,Bradford,utla,2021-09-01,292,3,6925
E08000032,Bradford,utla,2021-08-31,307,2,6630
E08000032,Bradford,utla,2021-08-30,222,5,5007
E08000032,Bradford,utla,2021-08-29,160,2,5196
E08000032,Bradford,utla,2021-08-28,200,1,5535
E08000032,Bradford,utla,2021-08-27,221,4,6450
E08000032,Bradford,utla,2021-08-26,223,1,7380
E08000032,Bradford,utla,2021-08-25,242,0,6216
E08000032,Bradford,utla,2021-08-24,263,2,5567
E08000032,Bradford,utla,2021-08-23,318,1,5877
E08000032,Bradford,utla,2021-08-22,226,2,4702
E08000032,Bradford,utla,2021-08-21,199,3,5082
E08000032,Bradford,utla,2021-08-20,226,2,5589
E08000032,Bradford,utla,2021-08-19,296,1,6612
E08000032,Bradford,utla,2021-08-18,257,0,5955
E08000032,Bradford,utla,2021-08-17,254,0,5766
E08000032,Bradford,utla,2021-08-16,288,0,5873
E08000032,Bradford,utla,2021-08-15,215,0,5194
E08000032,Bradford,utla,2021-08-14,173,2,4710
E08000032,Bradford,utla,2021-08-13,251,2,6134
E08000032,Bradford,utla,2021-08-12,232,2,6108
E08000032,Bradford,utla,2021-08-11,277,0,6245
E08000032,Bradford,utla,2021-08-10,258,1,5849
E08000032,Bradford,utla,2021-08-09,320,1,5868
E08000032,Bradford,utla,2021-08-08,197,1,5630
E08000032,Bradford,utla,2021-08-07,204,0,4631
E08000032,Bradford,utla,2021-08-06,265,2,7155
E08000032,Bradford,utla,2021-08-05,301,4,6438
E08000032,Bradford,utla,2021-08-04,298,0,6036
E08000032,Bradford,utla,2021-08-03,292,1,6207
E08000032,Bradford,utla,2021-08-02,285,0,6004
E08000032,Bradford,utla,2021-08-01,175,0,4589
E08000032,Bradford,utla,2021-07-31,183,0,5721
E08000032,Bradford,utla,2021-07-30,220,1,6870
E08000032,Bradford,utla,2021-07-29,259,1,7163
E08000032,Bradford,utla,2021-07-28,281,2,6987
E08000032,Bradford,utla,2021-07-27,290,0,6250
E08000032,Bradford,utla,2021-07-26,272,1,6579
E08000032,Bradford,utla,2021-07-25,228,2,6027
E08000032,Bradford,utla,2021-07-24,249,0,5973
E08000032,Bradford,utla,2021-07-23,300,0,7225
E08000032,Bradford,utla,2021-07-22,326,1,7971
E08000032,Bradford,utla,2021-07-21,350,1,8825
E08000032,Bradford,utla,2021-07-20,421,0,7756
E08000032,Bradford,utla,2021-07-19,565,3,8211
E08000032,Bradford,utla,2021-07-18,380,2,9347
E08000032,Bradford,utla,2021-07-17,414,0,7333
E08000032,Bradford,utla,2021-07-16,609,1,8154
E08000032,Bradford,utla,2021-07-15,600,2,9046
E08000032,Bradford,utla,2021-07-14,579,0,10002
E08000032,Bradford,utla,2021-07-13,507,0,8216
E08000032,Bradford,utla,2021-07-12,466,0,9098
E08000032,Bradford,utla,2021-07-11,312,2,9129
E08000032,Bradford,utla,2021-07-10,283,0,6662
E08000032,Bradford,utla,2021-07-09,343,0,7384
E08000032,Bradford,utla,2021-07-08,342,0,8387
E08000032,Bradford,utla,2021-07-07,416,2,10148
E08000032,Bradford,utla,2021-07-06,353,1,7387
E08000032,Bradford,utla,2021-07-05,318,0,8624
E08000032,Bradford,utla,2021-07-04,221,1,9644
E08000032,Bradford,utla,2021-07-03,187,2,5983
E08000032,Bradford,utla,2021-07-02,231,0,8794
E08000032,Bradford,utla,2021-07-01,248,0,9265
E08000032,Bradford,utla,2021-06-30,289,1,10674
E08000032,Bradford,utla,2021-06-29,266,1,6887
E08000032,Bradford,utla,2021-06-28,264,1,8735
E08000032,Bradford,utla,2021-06-27,184,1,10031
E08000032,Bradford,utla,2021-06-26,135,1,5466
E08000032,Bradford,utla,2021-06-25,166,0,8881
E08000032,Bradford,utla,2021-06-24,179,0,8436
E08000032,Bradford,utla,2021-06-23,194,0,10013
E08000032,Bradford,utla,2021-06-22,153,1,6886
E08000032,Bradford,utla,2021-06-21,172,0,7982
E08000032,Bradford,utla,2021-06-20,110,2,9194
E08000032,Bradford,utla,2021-06-19,89,0,4875
E08000032,Bradford,utla,2021-06-18,154,0,6676
E08000032,Bradford,utla,2021-06-17,128,0,7929
E08000032,Bradford,utla,2021-06-16,130,0,8859
E08000032,Bradford,utla,2021-06-15,116,1,6782
E08000032,Bradford,utla,2021-06-14,107,1,8137
E08000032,Bradford,utla,2021-06-13,108,0,8971
E08000032,Bradford,utla,2021-06-12,79,0,4779
E08000032,Bradford,utla,2021-06-11,97,0,6363
E08000032,Bradford,utla,2021-06-10,103,0,7857
E08000032,Bradford,utla,2021-06-09,133,0,8767
E08000032,Bradford,utla,2021-06-08,111,1,5769
E08000032,Bradford,utla,2021-06-07,132,0,7951
E08000032,Bradford,utla,2021-06-06,83,0,9519
E08000032,Bradford,utla,2021-06-05,79,0,4145
E08000032,Bradford,utla,2021-06-04,89,0,5755
E08000032,Bradford,utla,2021-06-03,106,0,6162
E08000032,Bradford,utla,2021-06-02,83,0,6873
E08000032,Bradford,utla,2021-06-01,88,0,5657
E08000032,Bradford,utla,2021-05-31,62,0,4880
E08000032,Bradford,utla,2021-05-30,68,1,4811
E08000032,Bradford,utla,2021-05-29,30,0,4022
E08000032,Bradford,utla,2021-05-28,35,0,5260
E08000032,Bradford,utla,2021-05-27,30,0,7212
E08000032,Bradford,utla,2021-05-26,49,1,8803
E08000032,Bradford,utla,2021-05-25,48,0,6148
E08000032,Bradford,utla,2021-05-24,60,1,7797
E08000032,Bradford,utla,2021-05-23,41,0,9159
E08000032,Bradford,utla,2021-05-22,47,0,4389
E08000032,Bradford,utla,2021-05-21,43,0,5678
E08000032,Bradford,utla,2021-05-20,43,0,7528
E08000032,Bradford,utla,2021-05-19,59,1,9656
E08000032,Bradford,utla,2021-05-18,40,0,6173
E08000032,Bradford,utla,2021-05-17,57,0,7559
E08000032,Bradford,utla,2021-05-16,34,0,9306
E08000032,Bradford,utla,2021-05-15,24,1,3837
E08000032,Bradford,utla,2021-05-14,31,0,5311
E08000032,Bradford,utla,2021-05-13,26,0,7333
E08000032,Bradford,utla,2021-05-12,35,1,9513
E08000032,Bradford,utla,2021-05-11,31,0,6300
E08000032,Bradford,utla,2021-05-10,39,0,7849
E08000032,Bradford,utla,2021-05-09,30,2,10547
E08000032,Bradford,utla,2021-05-08,32,2,3998
E08000032,Bradford,utla,2021-05-07,32,1,5747
E08000032,Bradford,utla,2021-05-06,36,0,8255
E08000032,Bradford,utla,2021-05-05,38,1,10201
E08000032,Bradford,utla,2021-05-04,39,0,7367
E08000032,Bradford,utla,2021-05-03,38,0,9000
E08000032,Bradford,utla,2021-05-02,29,1,7348
E08000032,Bradford,utla,2021-05-01,39,0,3998
E08000032,Bradford,utla,2021-04-30,38,0,5405
E08000032,Bradford,utla,2021-04-29,44,0,8518
E08000032,Bradford,utla,2021-04-28,58,0,11185
E08000032,Bradford,utla,2021-04-27,35,1,6303
E08000032,Bradford,utla,2021-04-26,38,1,8719
E08000032,Bradford,utla,2021-04-25,36,0,11695
E08000032,Bradford,utla,2021-04-24,42,0,4302
E08000032,Bradford,utla,2021-04-23,37,1,5891
E08000032,Bradford,utla,2021-04-22,38,2,8035
E08000032,Bradford,utla,2021-04-21,41,3,11958
E08000032,Bradford,utla,2021-04-20,63,2,6044
E08000032,Bradford,utla,2021-04-19,50,0,8645
E08000032,Bradford,utla,2021-04-18,34,0,13339
E08000032,Bradford,utla,2021-04-17,30,3,4091
E08000032,Bradford,utla,2021-04-16,60,1,5685
E08000032,Bradford,utla,2021-04-15,35,1,8706
E08000032,Bradford,utla,2021-04-14,60,0,11339
E08000032,Bradford,utla,2021-04-13,50,0,6584
E08000032,Bradford,utla,2021-04-12,79,3,8975
E08000032,Bradford,utla,2021-04-11,48,0,13454
E08000032,Bradford,utla,2021-04-10,85,1,4466
E08000032,Bradford,utla,2021-04-09,76,1,5441
E08000032,Bradford,utla,2021-04-08,78,2,7880
E08000032,Bradford,utla,2021-04-07,78,1,8736
E08000032,Bradford,utla,2021-04-06,78,1,5753
E08000032,Bradford,utla,2021-04-05,94,0,6937
E08000032,Bradford,utla,2021-04-04,52,2,7681
E08000032,Bradford,utla,2021-04-03,68,0,3583
E08000032,Bradford,utla,2021-04-02,43,0,5069
E08000032,Bradford,utla,2021-04-01,65,0,8116
E08000032,Bradford,utla,2021-03-31,72,0,9178
E08000032,Bradford,utla,2021-03-30,70,0,5271
E08000032,Bradford,utla,2021-03-29,93,0,4400
E08000032,Bradford,utla,2021-03-28,96,0,15908
E08000032,Bradford,utla,2021-03-27,74,0,4378
E08000032,Bradford,utla,2021-03-26,87,2,6554
E08000032,Bradford,utla,2021-03-25,110,0,10828
E08000032,Bradford,utla,2021-03-24,138,0,16913
E08000032,Bradford,utla,2021-03-23,124,2,7653
E08000032,Bradford,utla,2021-03-22,167,0,10902
E08000032,Bradford,utla,2021-03-21,80,2,16090
E08000032,Bradford,utla,2021-03-20,118,1,4595
E08000032,Bradford,utla,2021-03-19,123,1,9162
E08000032,Bradford,utla,2021-03-18,125,2,14493
E08000032,Bradford,utla,2021-03-17,116,2,15346
E08000032,Bradford,utla,2021-03-16,121,0,13685
E08000032,Bradford,utla,2021-03-15,139,4,16338
E08000032,Bradford,utla,2021-03-14,92,0,7473
E08000032,Bradford,utla,2021-03-13,78,1,3956
E08000032,Bradford,utla,2021-03-12,126,2,13494
E08000032,Bradford,utla,2021-03-11,112,0,15326
E08000032,Bradford,utla,2021-03-10,120,0,14954
E08000032,Bradford,utla,2021-03-09,147,1,12817
E08000032,Bradford,utla,2021-03-08,148,3,14405
E08000032,Bradford,utla,2021-03-07,75,0,6623
E08000032,Bradford,utla,2021-03-06,109,1,3936
E08000032,Bradford,utla,2021-03-05,108,2,6686
E08000032,Bradford,utla,2021-03-04,122,3,6867
E08000032,Bradford,utla,2021-03-03,122,1,6913
E08000032,Bradford,utla,2021-03-02,149,2,5793
E08000032,Bradford,utla,2021-03-01,140,0,6569
E08000032,Bradford,utla,2021-02-28,83,1,5021
E08000032,Bradford,utla,2021-02-27,95,3,3637
E08000032,Bradford,utla,2021-02-26,105,1,5619
E08000032,Bradford,utla,2021-02-25,149,3,6512
E08000032,Bradford,utla,2021-02-24,132,2,7151
E08000032,Bradford,utla,2021-02-23,163,0,5617
E08000032,Bradford,utla,2021-02-22,189,5,6286
E08000032,Bradford,utla,2021-02-21,126,3,5623
E08000032,Bradford,utla,2021-02-20,151,1,3370
E08000032,Bradford,utla,2021-02-19,170,1,4829
E08000032,Bradford,utla,2021-02-18,204,3,4838
E08000032,Bradford,utla,2021-02-17,169,3,4717
E08000032,Bradford,utla,2021-02-16,226,5,4727
E08000032,Bradford,utla,2021-02-15,209,2,4339
E08000032,Bradford,utla,2021-02-14,139,4,3343
E08000032,Bradford,utla,2021-02-13,98,3,3435
E08000032,Bradford,utla,2021-02-12,148,0,5748
E08000032,Bradford,utla,2021-02-11,168,6,6156
E08000032,Bradford,utla,2021-02-10,186,6,6733
E08000032,Bradford,utla,2021-02-09,185,1,5146
E08000032,Bradford,utla,2021-02-08,189,4,6129
E08000032,Bradford,utla,2021-02-07,172,5,5617
E08000032,Bradford,utla,2021-02-06,148,5,3413
E08000032,Bradford,utla,2021-02-05,178,4,5801
E08000032,Bradford,utla,2021-02-04,215,4,6496
E08000032,Bradford,utla,2021-02-03,269,4,6549
E08000032,Bradford,utla,2021-02-02,64,5,3666
E08000032,Bradford,utla,2021-02-01,227,4,5897
E08000032,Bradford,utla,2021-01-31,172,8,4758
E08000032,Bradford,utla,2021-01-30,156,5,3859
E08000032,Bradford,utla,2021-01-29,190,4,5078
E08000032,Bradford,utla,2021-01-28,178,6,6201
E08000032,Bradford,utla,2021-01-27,249,3,6050
E08000032,Bradford,utla,2021-01-26,224,2,4962
E08000032,Bradford,utla,2021-01-25,246,5,5155
E08000032,Bradford,utla,2021-01-24,173,9,3159
E08000032,Bradford,utla,2021-01-23,177,9,3583
E08000032,Bradford,utla,2021-01-22,202,11,5023
E08000032,Bradford,utla,2021-01-21,217,3,4882
E08000032,Bradford,utla,2021-01-20,299,5,4946
E08000032,Bradford,utla,2021-01-19,313,3,4520
E08000032,Bradford,utla,2021-01-18,310,7,4850
E08000032,Bradford,utla,2021-01-17,207,2,2216
E08000032,Bradford,utla,2021-01-16,201,7,2974
E08000032,Bradford,utla,2021-01-15,226,5,2563
E08000032,Bradford,utla,2021-01-14,95,4,3285
E08000032,Bradford,utla,2021-01-13,269,7,4097
E08000032,Bradford,utla,2021-01-12,287,5,3634
E08000032,Bradford,utla,2021-01-11,260,1,3620
E08000032,Bradford,utla,2021-01-10,196,7,2255
E08000032,Bradford,utla,2021-01-09,191,4,3988
E08000032,Bradford,utla,2021-01-08,162,3,4564
E08000032,Bradford,utla,2021-01-07,244,3,3896
E08000032,Bradford,utla,2021-01-06,261,2,3841
E08000032,Bradford,utla,2021-01-05,272,0,2740
E08000032,Bradford,utla,2021-01-04,290,1,2854
E08000032,Bradford,utla,2021-01-03,225,1,2648
E08000032,Bradford,utla,2021-01-02,239,4,2940
E08000032,Bradford,utla,2021-01-01,132,4,2646
E08000032,Bradford,utla,2020-12-31,181,4,2948
E08000032,Bradford,utla,2020-12-30,249,0,2971
E08000032,Bradford,utla,2020-12-29,287,7,2399
E08000032,Bradford,utla,2020-12-28,156,3,1848
E08000032,Bradford,utla,2020-12-27,155,3,1984
E08000032,Bradford,utla,2020-12-26,134,2,1337
E08000032,Bradford,utla,2020-12-25,60,1,1894
E08000032,Bradford,utla,2020-12-24,116,4,2892
E08000032,Bradford,utla,2020-12-23,199,0,3104
E08000032,Bradford,utla,2020-12-22,179,3,3024
E08000032,Bradford,utla,2020-12-21,191,3,2631
E08000032,Bradford,utla,2020-12-20,101,3,3075
E08000032,Bradford,utla,2020-12-19,95,1,3040
E08000032,Bradford,utla,2020-12-18,162,3,3249
E08000032,Bradford,utla,2020-12-17,139,3,1862
E08000032,Bradford,utla,2020-12-16,128,1,2024
E08000032,Bradford,utla,2020-12-15,111,3,2400
E08000032,Bradford,utla,2020-12-14,170,2,2674
E08000032,Bradford,utla,2020-12-13,114,5,2665
E08000032,Bradford,utla,2020-12-12,106,2,2985
E08000032,Bradford,utla,2020-12-11,156,7,3206
E08000032,Bradford,utla,2020-12-10,173,5,3273
E08000032,Bradford,utla,2020-12-09,135,5,2531
E08000032,Bradford,utla,2020-12-08,161,5,2684
E08000032,Bradford,utla,2020-12-07,159,1,2036
E08000032,Bradford,utla,2020-12-06,99,4,2775
E08000032,Bradford,utla,2020-12-05,98,6,3335
E08000032,Bradford,utla,2020-12-04,139,5,2780
E08000032,Bradford,utla,2020-12-03,150,6,3518
E08000032,Bradford,utla,2020-12-02,182,7,3054
E08000032,Bradford,utla,2020-12-01,152,3,2546
E08000032,Bradford,utla,2020-11-30,184,6,2980
E08000032,Bradford,utla,2020-11-29,161,8,2219
E08000032,Bradford,utla,2020-11-28,134,7,2825
E08000032,Bradford,utla,2020-11-27,168,7,2907
E08000032,Bradford,utla,2020-11-26,196,4,3391
E08000032,Bradford,utla,2020-11-25,213,9,3018
E08000032,Bradford,utla,2020-11-24,220,9,3025
E08000032,Bradford,utla,2020-11-23,258,8,1989
E08000032,Bradford,utla,2020-11-22,172,4,2050
E08000032,Bradford,utla,2020-11-21,139,3,2978
E08000032,Bradford,utla,2020-11-20,243,0,3851
E08000032,Bradford,utla,2020-11-19,285,8,3536
E08000032,Bradford,utla,2020-11-18,358,7,3825
E08000032,Bradford,utla,2020-11-17,406,3,3151
E08000032,Bradford,utla,2020-11-16,441,2,2883
E08000032,Bradford,utla,2020-11-15,261,5,2127
E08000032,Bradford,utla,2020-11-14,296,6,4166
E08000032,Bradford,utla,2020-11-13,424,3,4062
E08000032,Bradford,utla,2020-11-12,438,9,3709
E08000032,Bradford,utla,2020-11-11,450,4,3227
E08000032,Bradford,utla,2020-11-10,431,6,3067
E08000032,Bradford,utla,2020-11-09,481,9,2726
E08000032,Bradford,utla,2020-11-08,357,8,2223
E08000032,Bradford,utla,2020-11-07,374,6,3544
E08000032,Bradford,utla,2020-11-06,506,8,3912
E08000032,Bradford,utla,2020-11-05,478,10,3315
E08000032,Bradford,utla,2020-11-04,411,1,3499
E08000032,Bradford,utla,2020-11-03,534,10,2832
E08000032,Bradford,utla,2020-11-02,617,2,2138
E08000032,Bradford,utla,2020-11-01,399,7,2641
E08000032,Bradford,utla,2020-10-31,338,5,3006
E08000032,Bradford,utla,2020-10-30,439,3,3303
E08000032,Bradford,utla,2020-10-29,479,4,3652
E08000032,Bradford,utla,2020-10-28,449,2,3177
E08000032,Bradford,utla,2020-10-27,492,6,2613
E08000032,Bradford,utla,2020-10-26,440,4,3018
E08000032,Bradford,utla,2020-10-25,310,2,2825
E08000032,Bradford,utla,2020-10-24,265,1,3110
E08000032,Bradford,utla,2020-10-23,415,2,3847
E08000032,Bradford,utla,2020-10-22,467,1,2917
E08000032,Bradford,utla,2020-10-21,358,4,2773
E08000032,Bradford,utla,2020-10-20,472,4,3047
E08000032,Bradford,utla,2020-10-19,482,6,3466
E08000032,Bradford,utla,2020-10-18,262,2,2889
E08000032,Bradford,utla,2020-10-17,314,5,3314
E08000032,Bradford,utla,2020-10-16,305,1,3535
E08000032,Bradford,utla,2020-10-15,329,2,2871
E08000032,Bradford,utla,2020-10-14,316,2,2951
E08000032,Bradford,utla,2020-10-13,328,1,2480
E08000032,Bradford,utla,2020-10-12,323,1,2364
E08000032,Bradford,utla,2020-10-11,208,0,2988
E08000032,Bradford,utla,2020-10-10,250,3,2709
E08000032,Bradford,utla,2020-10-09,241,1,3430
E08000032,Bradford,utla,2020-10-08,320,1,2086
E08000032,Bradford,utla,2020-10-07,253,3,2527
E08000032,Bradford,utla,2020-10-06,293,0,2463
E08000032,Bradford,utla,2020-10-05,238,4,3273
E08000032,Bradford,utla,2020-10-04,178,0,2977
E08000032,Bradford,utla,2020-10-03,210,1,2925
E08000032,Bradford,utla,2020-10-02,230,4,2870
E08000032,Bradford,utla,2020-10-01,243,0,2756
E08000032,Bradford,utla,2020-09-30,223,1,3515
E08000032,Bradford,utla,2020-09-29,207,0,3205
E08000032,Bradford,utla,2020-09-28,243,0,2431
E08000032,Bradford,utla,2020-09-27,157,1,2612
E08000032,Bradford,utla,2020-09-26,113,1,2621
E08000032,Bradford,utla,2020-09-25,144,0,3018
E08000032,Bradford,utla,2020-09-24,184,0,2668
E08000032,Bradford,utla,2020-09-23,132,1,2919
E08000032,Bradford,utla,2020-09-22,133,1,3214
E08000032,Bradford,utla,2020-09-21,120,0,1650
E08000032,Bradford,utla,2020-09-20,132,1,2858
E08000032,Bradford,utla,2020-09-19,102,2,2856
E08000032,Bradford,utla,2020-09-18,124,0,3404
E08000032,Bradford,utla,2020-09-17,139,2,2470
E08000032,Bradford,utla,2020-09-16,117,1,2790
E08000032,Bradford,utla,2020-09-15,99,1,2537
E08000032,Bradford,utla,2020-09-14,88,0,2085
E08000032,Bradford,utla,2020-09-13,52,1,1842
E08000032,Bradford,utla,2020-09-12,66,1,2609
E08000032,Bradford,utla,2020-09-11,80,1,2553
E08000032,Bradford,utla,2020-09-10,99,0,2355
E08000032,Bradford,utla,2020-09-09,76,1,2498
E08000032,Bradford,utla,2020-09-08,53,1,1784
E08000032,Bradford,utla,2020-09-07,112,0,1671
E08000032,Bradford,utla,2020-09-06,70,0,2192
E08000032,Bradford,utla,2020-09-05,67,2,1948
E08000032,Bradford,utla,2020-09-04,60,0,1981
E08000032,Bradford,utla,2020-09-03,59,0,2193
E08000032,Bradford,utla,2020-09-02,74,1,3053
E08000032,Bradford,utla,2020-09-01,66,0,1752
E08000032,Bradford,utla,2020-08-31,65,1,1506
E08000032,Bradford,utla,2020-08-30,48,0,1568
E08000032,Bradford,utla,2020-08-29,47,0,1914
E08000032,Bradford,utla,2020-08-28,49,0,1610
E08000032,Bradford,utla,2020-08-27,55,0,2150
E08000032,Bradford,utla,2020-08-26,30,1,2312
E08000032,Bradford,utla,2020-08-25,33,0,1518
E08000032,Bradford,utla,2020-08-24,37,0,1656
E08000032,Bradford,utla,2020-08-23,25,0,2000
E08000032,Bradford,utla,2020-08-22,30,0,1435
E08000032,Bradford,utla,2020-08-21,42,0,2258
E08000032,Bradford,utla,2020-08-20,53,0,2204
E08000032,Bradford,utla,2020-08-19,29,0,2035
E08000032,Bradford,utla,2020-08-18,27,0,1453
E08000032,Bradford,utla,2020-08-17,33,1,1037
E08000032,Bradford,utla,2020-08-16,29,0,2120
E08000032,Bradford,utla,2020-08-15,34,0,1926
E08000032,Bradford,utla,2020-08-14,42,0,1784
E08000032,Bradford,utla,2020-08-13,46,0,1929
E08000032,Bradford,utla,2020-08-12,46,0,1771
E08000032,Bradford,utla,2020-08-11,59,0,1468
E08000032,Bradford,utla,2020-08-10,61,0,1773
E08000032,Bradford,utla,2020-08-09,26,0,1991
E08000032,Bradford,utla,2020-08-08,32,0,1426
E08000032,Bradford,utla,2020-08-07,34,0,1680
E08000032,Bradford,utla,2020-08-06,62,0,1974
E08000032,Bradford,utla,2020-08-05,53,0,1362
E08000032,Bradford,utla,2020-08-04,58,1,1828
E08000032,Bradford,utla,2020-08-03,39,0,1659
E08000032,Bradford,utla,2020-08-02,36,1,1669
E08000032,Bradford,utla,2020-08-01,32,0,1289
E08000032,Bradford,utla,2020-07-31,33,0,1353
E08000032,Bradford,utla,2020-07-30,48,0,1748
E08000032,Bradford,utla,2020-07-29,58,0,1546
E08000032,Bradford,utla,2020-07-28,36,0,1126
E08000032,Bradford,utla,2020-07-27,47,0,882
E08000032,Bradford,utla,2020-07-26,36,1,1132
E08000032,Bradford,utla,2020-07-25,36,0,1470
E08000032,Bradford,utla,2020-07-24,39,1,1679
E08000032,Bradford,utla,2020-07-23,43,1,1708
E08000032,Bradford,utla,2020-07-22,23,0,1157
E08000032,Bradford,utla,2020-07-21,44,2,1384
E08000032,Bradford,utla,2020-07-20,46,0,665
E08000032,Bradford,utla,2020-07-19,37,0,843
E08000032,Bradford,utla,2020-07-18,35,0,1204
E08000032,Bradford,utla,2020-07-17,36,0,1432
E08000032,Bradford,utla,2020-07-16,19,1,1399
E08000032,Bradford,utla,2020-07-15,37,0,1143
E08000032,Bradford,utla,2020-07-14,38,0,1176
E08000032,Bradford,utla,2020-07-13,40,0,578
E08000032,Bradford,utla,2020-07-12,34,0,904
E08000032,Bradford,utla,2020-07-11,31,0,1489
E08000032,Bradford,utla,2020-07-10,22,0,1538
E08000032,Bradford,utla,2020-07-09,19,0,1461
E08000032,Bradford,utla,2020-07-08,34,1,1456
E08000032,Bradford,utla,2020-07-07,21,0,1434
E08000032,Bradford,utla,2020-07-06,48,0,1148
E08000032,Bradford,utla,2020-07-05,23,1,856
E08000032,Bradford,utla,2020-07-04,21,0,1340
E08000032,Bradford,utla,2020-07-03,29,2,981
E08000032,Bradford,utla,2020-07-02,25,2,843
E08000032,Bradford,utla,2020-07-01,33,1,937
E08000032,Bradford,utla,2020-06-30,20,1,1004
E08000032,Bradford,utla,2020-06-29,33,0,772
E08000032,Bradford,utla,2020-06-28,19,1,774
E08000032,Bradford,utla,2020-06-27,45,0,802
E08000032,Bradford,utla,2020-06-26,42,1,771
E08000032,Bradford,utla,2020-06-25,41,0,654
E08000032,Bradford,utla,2020-06-24,41,1,707
E08000032,Bradford,utla,2020-06-23,50,0,748
E08000032,Bradford,utla,2020-06-22,28,1,600
E08000032,Bradford,utla,2020-06-21,35,1,455
E08000032,Bradford,utla,2020-06-20,44,2,629
E08000032,Bradford,utla,2020-06-19,42,0,842
E08000032,Bradford,utla,2020-06-18,84,2,672
E08000032,Bradford,utla,2020-06-17,68,0,660
E08000032,Bradford,utla,2020-06-16,50,0,673
E08000032,Bradford,utla,2020-06-15,52,0,667
E08000032,Bradford,utla,2020-06-14,56,1,557
E08000032,Bradford,utla,2020-06-13,39,1,858
E08000032,Bradford,utla,2020-06-12,78,2,783
E08000032,Bradford,utla,2020-06-11,34,0,669
E08000032,Bradford,utla,2020-06-10,71,3,649
E08000032,Bradford,utla,2020-06-09,46,1,782
E08000032,Bradford,utla,2020-06-08,57,0,726
E08000032,Bradford,utla,2020-06-07,30,0,602
E08000032,Bradford,utla,2020-06-06,31,0,831
E08000032,Bradford,utla,2020-06-05,41,2,781
E08000032,Bradford,utla,2020-06-04,42,2,760
E08000032,Bradford,utla,2020-06-03,43,2,809
E08000032,Bradford,utla,2020-06-02,38,3,782
E08000032,Bradford,utla,2020-06-01,43,2,620
E08000032,Bradford,utla,2020-05-31,39,1,578
E08000032,Bradford,utla,2020-05-30,42,3,670
E08000032,Bradford,utla,2020-05-29,40,4,760
E08000032,Bradford,utla,2020-05-28,38,4,742
E08000032,Bradford,utla,2020-05-27,47,4,564
E08000032,Bradford,utla,2020-05-26,35,0,644
E08000032,Bradford,utla,2020-05-25,30,3,484
E08000032,Bradford,utla,2020-05-24,19,3,579
E08000032,Bradford,utla,2020-05-23,39,3,717
E08000032,Bradford,utla,2020-05-22,25,2,827
E08000032,Bradford,utla,2020-05-21,65,3,656
E08000032,Bradford,utla,2020-05-20,67,3,709
E08000032,Bradford,utla,2020-05-19,110,1,815
E08000032,Bradford,utla,2020-05-18,43,2,584
E08000032,Bradford,utla,2020-05-17,24,4,731
E08000032,Bradford,utla,2020-05-16,38,6,688
E08000032,Bradford,utla,2020-05-15,45,10,1209
E08000032,Bradford,utla,2020-05-14,63,3,730
E08000032,Bradford,utla,2020-05-13,82,5,740
E08000032,Bradford,utla,2020-05-12,66,2,781
E08000032,Bradford,utla,2020-05-11,68,5,607
E08000032,Bradford,utla,2020-05-10,38,5,636
E08000032,Bradford,utla,2020-05-09,40,5,514
E08000032,Bradford,utla,2020-05-08,59,8,482
E08000032,Bradford,utla,2020-05-07,57,2,425
E08000032,Bradford,utla,2020-05-06,55,6,361
E08000032,Bradford,utla,2020-05-05,39,7,360
E08000032,Bradford,utla,2020-05-04,40,7,684
E08000032,Bradford,utla,2020-05-03,40,3,809
E08000032,Bradford,utla,2020-05-02,34,8,330
E08000032,Bradford,utla,2020-05-01,85,4,493
E08000032,Bradford,utla,2020-04-30,44,6,603
E08000032,Bradford,utla,2020-04-29,83,8,507
E08000032,Bradford,utla,2020-04-28,54,4,316
E08000032,Bradford,utla,2020-04-27,39,5,167
E08000032,Bradford,utla,2020-04-26,38,14,132
E08000032,Bradford,utla,2020-04-25,48,5,139
E08000032,Bradford,utla,2020-04-24,63,8,191
E08000032,Bradford,utla,2020-04-23,52,7,156
E08000032,Bradford,utla,2020-04-22,49,9,151
E08000032,Bradford,utla,2020-04-21,33,3,149
E08000032,Bradford,utla,2020-04-20,35,7,173
E08000032,Bradford,utla,2020-04-19,35,11,61
E08000032,Bradford,utla,2020-04-18,36,6,119
E08000032,Bradford,utla,2020-04-17,38,7,121
E08000032,Bradford,utla,2020-04-16,35,12,113
E08000032,Bradford,utla,2020-04-15,50,7,130
E08000032,Bradford,utla,2020-04-14,22,5,57
E08000032,Bradford,utla,2020-04-13,19,5,62
E08000032,Bradford,utla,2020-04-12,28,10,98
E08000032,Bradford,utla,2020-04-11,18,8,64
E08000032,Bradford,utla,2020-04-10,21,14,83
E08000032,Bradford,utla,2020-04-09,29,5,97
E08000032,Bradford,utla,2020-04-08,36,15,123
E08000032,Bradford,utla,2020-04-07,33,5,129
E08000032,Bradford,utla,2020-04-06,35,3,119
E08000032,Bradford,utla,2020-04-05,28,3,101
E08000032,Bradford,utla,2020-04-04,21,7,82
E08000032,Bradford,utla,2020-04-03,25,2,111
E08000032,Bradford,utla,2020-04-02,19,3,85
E08000032,Bradford,utla,2020-04-01,21,4,84
E08000032,Bradford,utla,2020-03-31,20,7,78
E08000032,Bradford,utla,2020-03-30,22,4,101
E08000032,Bradford,utla,2020-03-29,20,3,61
E08000032,Bradford,utla,2020-03-28,14,4,56
E08000032,Bradford,utla,2020-03-27,21,4,84
E08000032,Bradford,utla,2020-03-26,10,3,59
E08000032,Bradford,utla,2020-03-25,7,0,71
E08000032,Bradford,utla,2020-03-24,9,0,54
E08000032,Bradford,utla,2020-03-23,6,0,57
E08000032,Bradford,utla,2020-03-22,3,0,44
E08000032,Bradford,utla,2020-03-21,3,0,29
E08000032,Bradford,utla,2020-03-20,2,0,31
E08000032,Bradford,utla,2020-03-19,0,0,38
E08000032,Bradford,utla,2020-03-18,2,1,39
E08000032,Bradford,utla,2020-03-17,3,,41
E08000032,Bradford,utla,2020-03-16,0,,23
E08000032,Bradford,utla,2020-03-15,0,,38
E08000032,Bradford,utla,2020-03-14,2,,36
E08000032,Bradford,utla,2020-03-13,0,,27
E08000032,Bradford,utla,2020-03-12,2,,14
E08000032,Bradford,utla,2020-03-11,0,,13
E08000032,Bradford,utla,2020-03-10,2,,9
E08000032,Bradford,utla,2020-03-09,1,,7
E08000032,Bradford,utla,2020-03-08,,,2
E08000032,Bradford,utla,2020-03-07,,,11
E08000032,Bradford,utla,2020-03-06,,,3
E08000032,Bradford,utla,2020-03-05,,,4
E08000032,Bradford,utla,2020-03-04,,,7
E08000032,Bradford,utla,2020-03-03,,,8
E08000032,Bradford,utla,2020-03-02,,,7
E08000032,Bradford,utla,2020-03-01,,,4
E08000032,Bradford,utla,2020-02-29,,,18
E08000032,Bradford,utla,2020-02-28,,,14
E08000032,Bradford,utla,2020-02-27,,,12
E08000032,Bradford,utla,2020-02-26,,,13
E08000032,Bradford,utla,2020-02-25,,,0
E08000032,Bradford,utla,2020-02-24,,,0
E08000032,Bradford,utla,2020-02-23,,,3
E08000032,Bradford,utla,2020-02-22,,,1
E08000032,Bradford,utla,2020-02-21,,,0
E08000032,Bradford,utla,2020-02-20,,,54
E08000032,Bradford,utla,2020-02-19,,,1
E08000032,Bradford,utla,2020-02-18,,,0
E08000032,Bradford,utla,2020-02-17,,,4
E08000032,Bradford,utla,2020-02-16,,,1
E08000032,Bradford,utla,2020-02-15,,,2
E08000032,Bradford,utla,2020-02-14,,,4
E08000032,Bradford,utla,2020-02-13,,,3
E08000032,Bradford,utla,2020-02-12,,,4
E08000032,Bradford,utla,2020-02-11,,,9
E08000032,Bradford,utla,2020-02-10,,,6
E08000032,Bradford,utla,2020-02-09,,,4
E08000032,Bradford,utla,2020-02-08,,,0
E08000032,Bradford,utla,2020-02-07,,,0
E08000032,Bradford,utla,2020-02-06,,,0
E08000032,Bradford,utla,2020-02-05,,,0
E08000032,Bradford,utla,2020-02-04,,,0
E08000032,Bradford,utla,2020-02-03,,,1
E08000032,Bradford,utla,2020-02-02,,,0
E08000032,Bradford,utla,2020-02-01,,,0
E08000032,Bradford,utla,2020-01-31,,,0
E08000032,Bradford,utla,2020-01-30,,,0
E08000032,Bradford,utla,2020-01-29,,,0
E08000032,Bradford,utla,2020-01-28,,,0
E08000032,Bradford,utla,2020-01-27,,,0
E08000032,Bradford,utla,2020-01-26,,,0
E08000032,Bradford,utla,2020-01-25,,,0
E08000032,Bradford,utla,2020-01-24,,,10
E08000032,Bradford,utla,2020-01-23,,,0
E08000032,Bradford,utla,2020-01-22,,,0
E08000032,Bradford,utla,2020-01-21,,,0
E08000032,Bradford,utla,2020-01-20,,,0
E08000032,Bradford,utla,2020-01-19,,,0
E08000032,Bradford,utla,2020-01-18,,,0
E08000032,Bradford,utla,2020-01-17,,,0
E08000032,Bradford,utla,2020-01-16,,,2
E08000032,Bradford,utla,2020-01-15,,,0
E08000032,Bradford,utla,2020-01-14,,,0
E08000032,Bradford,utla,2020-01-13,,,0
E08000032,Bradford,utla,2020-01-12,,,0
E08000032,Bradford,utla,2020-01-11,,,0
E08000032,Bradford,utla,2020-01-10,,,0
E08000032,Bradford,utla,2020-01-09,,,0
E08000032,Bradford,utla,2020-01-08,,,0
E08000032,Bradford,utla,2020-01-07,,,0
E08000032,Bradford,utla,2020-01-06,,,2
E08000032,Bradford,utla,2020-01-05,,,8
E08000032,Bradford,utla,2020-01-04,,,2
